"Site_ID","Sample_ID","Bout","Species","d18O.bound","d2H.bound"
"CPER_tower","20-196_CPER1-A-2","CPER1","Bouteloua gracilis",TRUE,TRUE
"CPER_tower","20-196_CPER1-A-3","CPER1","Bouteloua gracilis",FALSE,FALSE
"CPER_tower","20-196_CPER1-A-4","CPER1","Bouteloua gracilis",FALSE,FALSE
"CPER_tower","20-196_CPER1-B-2","CPER1","Hesperostipa comata",FALSE,FALSE
"CPER_tower","20-196_CPER1-B-3","CPER1","Hesperostipa comata",FALSE,FALSE
"CPER_tower","20-196_CPER1-B-4","CPER1","Hesperostipa comata",FALSE,FALSE
"CPER_tower","20-196_CPER1-B-5","CPER1","Hesperostipa comata",FALSE,FALSE
"CPER_tower","20-196_CPER1-C-1","CPER1","Eriogonum effusum",FALSE,FALSE
"CPER_tower","20-196_CPER1-C-2","CPER1","Eriogonum effusum",TRUE,TRUE
"CPER_tower","20-196_CPER1-C-3","CPER1","Eriogonum effusum",TRUE,TRUE
"CPER_tower","20-196_CPER1-C-4","CPER1","Eriogonum effusum",TRUE,TRUE
"CPER_tower","20-196_CPER1-C-5","CPER1","Eriogonum effusum",TRUE,TRUE
"CPER_tower","20-196_CPER1-D-1","CPER1","Artemisia frigida",FALSE,FALSE
"CPER_tower","20-196_CPER1-D-4","CPER1","Artemisia frigida",TRUE,FALSE
"CPER_tower","20-196_CPER1-D-5","CPER1","Artemisia frigida",FALSE,FALSE
"CPER_tower","20-196_CPER1-E-1","CPER1","Elymus elymoides",FALSE,FALSE
"CPER_tower","20-196_CPER1-E-3","CPER1","Elymus elymoides",TRUE,FALSE
"NIWO_tower","20-196_NIWO1-B-1","NIWO1","Carex rupestris",FALSE,TRUE
"NIWO_tower","20-196_NIWO1-B-2","NIWO1","Carex rupestris",TRUE,TRUE
"NIWO_tower","20-196_NIWO1-B-3","NIWO1","Carex rupestris",FALSE,FALSE
"NIWO_tower","20-196_NIWO1-B-4","NIWO1","Carex rupestris",TRUE,TRUE
"NIWO_tower","20-196_NIWO1-B-5","NIWO1","Carex rupestris",TRUE,TRUE
"NIWO_tower","20-196_NIWO1-C-1","NIWO1","Abies lesiocarpa",TRUE,TRUE
"NIWO_tower","20-196_NIWO1-C-2","NIWO1","Abies lesiocarpa",TRUE,TRUE
"NIWO_tower","20-196_NIWO1-C-3","NIWO1","Abies lesiocarpa",TRUE,TRUE
"NIWO_tower","20-196_NIWO1-C-4","NIWO1","Abies lesiocarpa",TRUE,TRUE
"NIWO_tower","20-196_NIWO1-C-5","NIWO1","Abies lesiocarpa",TRUE,TRUE
"NIWO_tower","20-196_NIWO1-D-1","NIWO1","Minuartia obtusiloba",TRUE,TRUE
"NIWO_tower","20-196_NIWO1-D-2","NIWO1","Minuartia obtusiloba",FALSE,TRUE
"NIWO_tower","20-196_NIWO1-D-3","NIWO1","Minuartia obtusiloba",TRUE,TRUE
"NIWO_tower","20-196_NIWO1-D-4","NIWO1","Minuartia obtusiloba",TRUE,TRUE
"NIWO_tower","20-196_NIWO1-D-5","NIWO1","Minuartia obtusiloba",TRUE,TRUE
"NIWO_tower","20-196_NIWO1-E-1","NIWO1","Salix sp.",TRUE,TRUE
"NIWO_tower","20-196_NIWO1-E-2","NIWO1","Salix sp.",TRUE,TRUE
"NIWO_tower","20-196_NIWO1-E-5","NIWO1","Salix sp.",TRUE,TRUE
"SCBI_tower","20-196_SCBI1-A-1","SCBI1","Liriodendron tulipifera",TRUE,TRUE
"SCBI_tower","20-196_SCBI1-A-3","SCBI1","Liriodendron tulipifera",TRUE,TRUE
"SCBI_tower","20-196_SCBI1-A-5","SCBI1","Liriodendron tulipifera",TRUE,TRUE
"SCBI_tower","20-196_SCBI1-B-1","SCBI1","Quercus rubra",TRUE,TRUE
"SCBI_tower","20-196_SCBI1-B-2","SCBI1","Quercus rubra",TRUE,TRUE
"SCBI_tower","20-196_SCBI1-B-3","SCBI1","Quercus rubra",TRUE,TRUE
"SCBI_tower","20-196_SCBI1-C-1","SCBI1","Quercus alba",TRUE,TRUE
"SCBI_tower","20-196_SCBI1-C-2","SCBI1","Quercus alba",TRUE,TRUE
"SCBI_tower","20-196_SCBI1-C-3","SCBI1","Quercus alba",FALSE,TRUE
"SCBI_tower","20-196_SCBI1-C-4","SCBI1","Quercus alba",TRUE,FALSE
"SCBI_tower","20-196_SCBI1-C-5","SCBI1","Quercus alba",TRUE,FALSE
"SCBI_tower","20-196_SCBI1-D-1","SCBI1","Juglans nigra",TRUE,TRUE
"SCBI_tower","20-196_SCBI1-D-2","SCBI1","Juglans nigra",TRUE,TRUE
"SCBI_tower","20-196_SCBI1-D-3","SCBI1","Juglans nigra",TRUE,TRUE
"SCBI_tower","20-196_SCBI1-D-4","SCBI1","Juglans nigra",FALSE,TRUE
"UNDE_tower","20-196_UNDE1-A-1","UNDE1","Acer saccharum",TRUE,TRUE
"UNDE_tower","20-196_UNDE1-C-1","UNDE1","Betula papyrifera",TRUE,TRUE
"UNDE_tower","20-196_UNDE1-C-2","UNDE1","Betula papyrifera",TRUE,TRUE
"UNDE_tower","20-196_UNDE1-C-3","UNDE1","Betula papyrifera",TRUE,TRUE
"UNDE_tower","20-196_UNDE1-C-4","UNDE1","Betula papyrifera",TRUE,TRUE
"UNDE_tower","20-196_UNDE1-D-1","UNDE1","Picea mariana",TRUE,TRUE
"UNDE_tower","20-196_UNDE1-D-2","UNDE1","Picea mariana",TRUE,TRUE
"UNDE_tower","20-196_UNDE1-D-3","UNDE1","Picea mariana",TRUE,TRUE
"UNDE_tower","20-196_UNDE1-D-4","UNDE1","Picea mariana",TRUE,TRUE
"UNDE_tower","20-196_UNDE1-D-5","UNDE1","Picea mariana",TRUE,TRUE
"UNDE_tower","20-196_UNDE1-E-1","UNDE1","Abies balsamea",TRUE,TRUE
"UNDE_tower","20-196_UNDE1-E-2","UNDE1","Abies balsamea",TRUE,TRUE
"UNDE_tower","20-196_UNDE1-E-3","UNDE1","Abies balsamea",TRUE,TRUE
"UNDE_tower","20-196_UNDE1-E-4","UNDE1","Abies balsamea",TRUE,TRUE
"UNDE_tower","20-196_UNDE1-E-5","UNDE1","Abies balsamea",TRUE,TRUE
"WOOD_tower","20-196_WOOD1-A-3","WOOD1","Poa pratensis",TRUE,TRUE
"WOOD_tower","20-196_WOOD1-A-4","WOOD1","Poa pratensis",TRUE,TRUE
"WOOD_tower","20-196_WOOD1-A-5","WOOD1","Poa pratensis",TRUE,TRUE
"WOOD_tower","20-196_WOOD1-C-2","WOOD1","Bromus inermis",TRUE,TRUE
"WOOD_tower","20-196_WOOD1-C-3","WOOD1","Bromus inermis",TRUE,TRUE
"WOOD_tower","20-196_WOOD1-C-4","WOOD1","Bromus inermis",TRUE,TRUE
"WOOD_tower","20-196_WOOD1-C-5","WOOD1","Bromus inermis",TRUE,TRUE
"WOOD_tower","20-196_WOOD1-E-1","WOOD1","Schizachyrium scoparium",TRUE,TRUE
"WOOD_tower","20-196_WOOD1-E-2","WOOD1","Schizachyrium scoparium",TRUE,TRUE
"WOOD_tower","20-196_WOOD1-E-4","WOOD1","Schizachyrium scoparium",TRUE,TRUE
"WOOD_tower","20-196_WOOD1-E-5","WOOD1","Schizachyrium scoparium",TRUE,TRUE
"CPER_tower","20-202_CPER2-A-1","CPER2","Bouteloua gracilis",TRUE,TRUE
"CPER_tower","20-202_CPER2-A-2","CPER2","Bouteloua gracilis",TRUE,TRUE
"CPER_tower","20-202_CPER2-A-3","CPER2","Bouteloua gracilis",TRUE,TRUE
"CPER_tower","20-202_CPER2-A-4","CPER2","Bouteloua gracilis",TRUE,TRUE
"CPER_tower","20-202_CPER2-A-5","CPER2","Bouteloua gracilis",TRUE,TRUE
"CPER_tower","20-202_CPER2-B-1","CPER2","Hesperostipa comata",TRUE,TRUE
"CPER_tower","20-202_CPER2-B-2","CPER2","Hesperostipa comata",TRUE,TRUE
"CPER_tower","20-202_CPER2-B-3","CPER2","Hesperostipa comata",TRUE,TRUE
"CPER_tower","20-202_CPER2-B-4","CPER2","Hesperostipa comata",TRUE,TRUE
"CPER_tower","20-202_CPER2-B-5","CPER2","Hesperostipa comata",TRUE,TRUE
"CPER_tower","20-202_CPER2-C-1","CPER2","Eriogonum effusum",TRUE,TRUE
"CPER_tower","20-202_CPER2-C-2","CPER2","Eriogonum effusum",TRUE,TRUE
"CPER_tower","20-202_CPER2-C-3","CPER2","Eriogonum effusum",TRUE,TRUE
"CPER_tower","20-202_CPER2-C-4","CPER2","Eriogonum effusum",TRUE,TRUE
"CPER_tower","20-202_CPER2-C-5","CPER2","Eriogonum effusum",TRUE,TRUE
"CPER_tower","20-202_CPER2-D-1","CPER2","Artemisia frigida",TRUE,TRUE
"CPER_tower","20-202_CPER2-D-3","CPER2","Artemisia frigida",TRUE,TRUE
"CPER_tower","20-202_CPER2-D-4","CPER2","Artemisia frigida",TRUE,TRUE
"CPER_tower","20-202_CPER2-D-5","CPER2","Artemisia frigida",TRUE,FALSE
"CPER_tower","20-202_CPER2-E-1","CPER2","Elymus elymoides",TRUE,TRUE
"CPER_tower","20-202_CPER2-E-2","CPER2","Elymus elymoides",TRUE,TRUE
"CPER_tower","20-202_CPER2-E-3","CPER2","Elymus elymoides",TRUE,TRUE
"CPER_tower","20-202_CPER2-E-4","CPER2","Elymus elymoides",TRUE,TRUE
"CPER_tower","20-202_CPER2-E-5","CPER2","Elymus elymoides",TRUE,TRUE
"HARV_tower","20-203_HARV1-B-1","HARV1","Acer rubrum",TRUE,TRUE
"HARV_tower","20-203_HARV1-B-2","HARV1","Acer rubrum",TRUE,TRUE
"HARV_tower","20-203_HARV1-B-3","HARV1","Acer rubrum",TRUE,TRUE
"HARV_tower","20-203_HARV1-C-1","HARV1","Pinus strobus",TRUE,TRUE
"HARV_tower","20-203_HARV1-C-2","HARV1","Pinus strobus",TRUE,TRUE
"HARV_tower","20-203_HARV1-C-3","HARV1","Pinus strobus",TRUE,TRUE
"HARV_tower","20-203_HARV1-C-4","HARV1","Pinus strobus",TRUE,TRUE
"HARV_tower","20-203_HARV1-C-5","HARV1","Pinus strobus",FALSE,TRUE
"HARV_tower","20-203_HARV1-D-1","HARV1","Tsuga canadensis",TRUE,TRUE
"HARV_tower","20-203_HARV1-D-2","HARV1","Tsuga canadensis",TRUE,TRUE
"HARV_tower","20-203_HARV1-D-3","HARV1","Tsuga canadensis",TRUE,TRUE
"HARV_tower","20-203_HARV1-D-4","HARV1","Tsuga canadensis",TRUE,TRUE
"HARV_tower","20-203_HARV1-D-5","HARV1","Tsuga canadensis",TRUE,FALSE
"HARV_tower","20-203_HARV1-E-3","HARV1","Betula alleghaniensis",TRUE,TRUE
"YELL_tower","20-204_YELL1-A-1","YELL1","Pseudotsuga menziesii",TRUE,TRUE
"YELL_tower","20-204_YELL1-A-4","YELL1","Pseudotsuga menziesii",TRUE,TRUE
"YELL_tower","20-204_YELL1-B-3","YELL1","Pinus contorta",TRUE,TRUE
"YELL_tower","20-204_YELL1-B-5","YELL1","Pinus contorta",TRUE,TRUE
"YELL_tower","20-204_YELL1-C-2","YELL1","Artemisia tridentata",TRUE,TRUE
"YELL_tower","20-204_YELL1-D-1","YELL1","Festuca spp.",TRUE,FALSE
"YELL_tower","20-204_YELL1-D-2","YELL1","Festuca spp.",FALSE,FALSE
"YELL_tower","20-204_YELL1-D-4","YELL1","Festuca spp.",TRUE,TRUE
"YELL_tower","20-204_YELL1-E-1","YELL1","Poaceae sp.",TRUE,TRUE
"YELL_tower","20-204_YELL1-E-2","YELL1","Poaceae sp.",TRUE,TRUE
"YELL_tower","20-204_YELL1-E-3","YELL1","Poaceae sp.",TRUE,TRUE
"YELL_tower","20-204_YELL1-E-4","YELL1","Poaceae sp.",TRUE,TRUE
"YELL_tower","20-204_YELL1-E-5","YELL1","Poaceae sp.",TRUE,TRUE
"WOOD_tower","20-212_WOOD2-A-1","WOOD2","Poa pratensis",FALSE,FALSE
"WOOD_tower","20-212_WOOD2-A-2","WOOD2","Poa pratensis",FALSE,FALSE
"WOOD_tower","20-212_WOOD2-A-3","WOOD2","Poa pratensis",FALSE,FALSE
"WOOD_tower","20-212_WOOD2-A-4","WOOD2","Poa pratensis",TRUE,FALSE
"WOOD_tower","20-212_WOOD2-A-5","WOOD2","Poa pratensis",FALSE,FALSE
"WOOD_tower","20-212_WOOD2-C-1","WOOD2","Bromus inermis",FALSE,FALSE
"WOOD_tower","20-212_WOOD2-C-2","WOOD2","Bromus inermis",FALSE,FALSE
"WOOD_tower","20-212_WOOD2-C-3","WOOD2","Bromus inermis",FALSE,FALSE
"WOOD_tower","20-212_WOOD2-C-4","WOOD2","Bromus inermis",FALSE,FALSE
"WOOD_tower","20-212_WOOD2-C-5","WOOD2","Bromus inermis",FALSE,FALSE
"WOOD_tower","20-212_WOOD2-D-2","WOOD2","Artemisia absinthium",TRUE,TRUE
"WOOD_tower","20-212_WOOD2-D-3","WOOD2","Artemisia absinthium",FALSE,FALSE
"WOOD_tower","20-212_WOOD2-E-2","WOOD2","Schizachyrium scoparium",FALSE,TRUE
"WOOD_tower","20-212_WOOD2-E-3","WOOD2","Schizachyrium scoparium",TRUE,TRUE
"WOOD_tower","20-212_WOOD2-E-4","WOOD2","Schizachyrium scoparium",FALSE,FALSE
"WOOD_tower","20-212_WOOD2-E-5","WOOD2","Schizachyrium scoparium",FALSE,FALSE
"NIWO_tower","20-213_NIWO2-A-1","NIWO2","Geum rossii",TRUE,TRUE
"NIWO_tower","20-213_NIWO2-A-3","NIWO2","Geum rossii",TRUE,TRUE
"NIWO_tower","20-213_NIWO2-A-4","NIWO2","Geum rossii",TRUE,TRUE
"NIWO_tower","20-213_NIWO2-B-2","NIWO2","Carex rupestris",TRUE,TRUE
"NIWO_tower","20-213_NIWO2-B-3","NIWO2","Carex rupestris",TRUE,TRUE
"NIWO_tower","20-213_NIWO2-B-4","NIWO2","Carex rupestris",TRUE,TRUE
"NIWO_tower","20-213_NIWO2-B-5","NIWO2","Carex rupestris",TRUE,TRUE
"NIWO_tower","20-213_NIWO2-C-1","NIWO2","Abies lesiocarpa",TRUE,TRUE
"NIWO_tower","20-213_NIWO2-C-2","NIWO2","Abies lesiocarpa",TRUE,TRUE
"NIWO_tower","20-213_NIWO2-C-3","NIWO2","Abies lesiocarpa",TRUE,TRUE
"NIWO_tower","20-213_NIWO2-C-4","NIWO2","Abies lesiocarpa",TRUE,TRUE
"NIWO_tower","20-213_NIWO2-C-5","NIWO2","Abies lesiocarpa",TRUE,TRUE
"NIWO_tower","20-213_NIWO2-D-1","NIWO2","Minuartia obtusiloba",TRUE,TRUE
"NIWO_tower","20-213_NIWO2-D-2","NIWO2","Minuartia obtusiloba",TRUE,TRUE
"NIWO_tower","20-213_NIWO2-D-3","NIWO2","Minuartia obtusiloba",TRUE,TRUE
"NIWO_tower","20-213_NIWO2-D-4","NIWO2","Minuartia obtusiloba",TRUE,TRUE
"NIWO_tower","20-213_NIWO2-D-5","NIWO2","Minuartia obtusiloba",TRUE,TRUE
"NIWO_tower","20-213_NIWO2-E-1","NIWO2","Salix sp.",TRUE,TRUE
"NIWO_tower","20-213_NIWO2-E-2","NIWO2","Salix sp.",TRUE,TRUE
"NIWO_tower","20-213_NIWO2-E-3","NIWO2","Salix sp.",TRUE,TRUE
"NIWO_tower","20-213_NIWO2-E-4","NIWO2","Salix sp.",TRUE,TRUE
"NIWO_tower","20-213_NIWO2-E-5","NIWO2","Salix sp.",TRUE,TRUE
"SCBI_tower","20-233_SCBI2-A-1","SCBI2","Liriodendron tulipifera",TRUE,TRUE
"SCBI_tower","20-233_SCBI2-A-2","SCBI2","Liriodendron tulipifera",TRUE,TRUE
"SCBI_tower","20-233_SCBI2-A-3","SCBI2","Liriodendron tulipifera",TRUE,TRUE
"SCBI_tower","20-233_SCBI2-A-4","SCBI2","Liriodendron tulipifera",TRUE,TRUE
"SCBI_tower","20-233_SCBI2-A-5","SCBI2","Liriodendron tulipifera",TRUE,TRUE
"SCBI_tower","20-233_SCBI2-B-2","SCBI2","Quercus rubra",TRUE,TRUE
"SCBI_tower","20-233_SCBI2-B-3","SCBI2","Quercus rubra",TRUE,TRUE
"SCBI_tower","20-233_SCBI2-B-4","SCBI2","Quercus rubra",TRUE,TRUE
"SCBI_tower","20-233_SCBI2-B-5","SCBI2","Quercus rubra",TRUE,TRUE
"SCBI_tower","20-233_SCBI2-C-1","SCBI2","Quercus alba",FALSE,TRUE
"SCBI_tower","20-233_SCBI2-C-2","SCBI2","Quercus alba",TRUE,TRUE
"SCBI_tower","20-233_SCBI2-C-3","SCBI2","Quercus alba",TRUE,TRUE
"SCBI_tower","20-233_SCBI2-C-4","SCBI2","Quercus alba",TRUE,TRUE
"SCBI_tower","20-233_SCBI2-C-5","SCBI2","Quercus alba",TRUE,TRUE
"SCBI_tower","20-233_SCBI2-D-2","SCBI2","Juglans nigra",TRUE,TRUE
"SCBI_tower","20-233_SCBI2-D-3","SCBI2","Juglans nigra",TRUE,TRUE
"SCBI_tower","20-233_SCBI2-D-4","SCBI2","Juglans nigra",TRUE,TRUE
"OSBS_tower","20-234_OSBS1-A-1","OSBS1","Pinus palustris",TRUE,TRUE
"OSBS_tower","20-234_OSBS1-A-2","OSBS1","Pinus palustris",TRUE,TRUE
"OSBS_tower","20-234_OSBS1-A-3","OSBS1","Pinus palustris",TRUE,TRUE
"OSBS_tower","20-234_OSBS1-A-4","OSBS1","Pinus palustris",TRUE,TRUE
"OSBS_tower","20-234_OSBS1-A-5","OSBS1","Pinus palustris",TRUE,TRUE
"OSBS_tower","20-234_OSBS1-B-2","OSBS1","Quercus laevis",TRUE,TRUE
"OSBS_tower","20-234_OSBS1-B-3","OSBS1","Quercus laevis",TRUE,TRUE
"OSBS_tower","20-234_OSBS1-B-4","OSBS1","Quercus laevis",TRUE,TRUE
"OSBS_tower","20-234_OSBS1-B-5","OSBS1","Quercus laevis",TRUE,TRUE
"OSBS_tower","20-234_OSBS1-C-1","OSBS1","Aristida beyrichiana",TRUE,TRUE
"OSBS_tower","20-234_OSBS1-C-2","OSBS1","Aristida beyrichiana",TRUE,TRUE
"OSBS_tower","20-234_OSBS1-C-3","OSBS1","Aristida beyrichiana",TRUE,TRUE
"OSBS_tower","20-234_OSBS1-C-4","OSBS1","Aristida beyrichiana",TRUE,TRUE
"OSBS_tower","20-234_OSBS1-C-5","OSBS1","Aristida beyrichiana",TRUE,TRUE
"OSBS_tower","20-234_OSBS1-D-1","OSBS1","Quercus germinata",TRUE,TRUE
"OSBS_tower","20-234_OSBS1-D-2","OSBS1","Quercus germinata",TRUE,TRUE
"OSBS_tower","20-234_OSBS1-D-3","OSBS1","Quercus germinata",TRUE,TRUE
"OSBS_tower","20-234_OSBS1-D-4","OSBS1","Quercus germinata",TRUE,TRUE
"OSBS_tower","20-234_OSBS1-D-5","OSBS1","Quercus germinata",TRUE,TRUE
"OSBS_tower","20-234_OSBS1-E-1","OSBS1","Diosypros virginiana",TRUE,TRUE
"OSBS_tower","20-234_OSBS1-E-2","OSBS1","Diosypros virginiana",TRUE,TRUE
"OSBS_tower","20-234_OSBS1-E-3","OSBS1","Diosypros virginiana",TRUE,TRUE
"UNDE_tower","20-235_UNDE2-A-1","UNDE2","Acer saccharum",TRUE,TRUE
"UNDE_tower","20-235_UNDE2-A-2","UNDE2","Acer saccharum",TRUE,TRUE
"UNDE_tower","20-235_UNDE2-A-3","UNDE2","Acer saccharum",TRUE,TRUE
"UNDE_tower","20-235_UNDE2-A-4","UNDE2","Acer saccharum",TRUE,TRUE
"UNDE_tower","20-235_UNDE2-A-5","UNDE2","Acer saccharum",TRUE,TRUE
"UNDE_tower","20-235_UNDE2-B-1","UNDE2","Acer rubrum",TRUE,TRUE
"UNDE_tower","20-235_UNDE2-B-2","UNDE2","Acer rubrum",TRUE,TRUE
"UNDE_tower","20-235_UNDE2-B-3","UNDE2","Acer rubrum",TRUE,TRUE
"UNDE_tower","20-235_UNDE2-B-4","UNDE2","Acer rubrum",TRUE,TRUE
"UNDE_tower","20-235_UNDE2-B-5","UNDE2","Acer rubrum",TRUE,TRUE
"UNDE_tower","20-235_UNDE2-C-1","UNDE2","Betula papyrifera",TRUE,TRUE
"UNDE_tower","20-235_UNDE2-C-2","UNDE2","Betula papyrifera",TRUE,TRUE
"UNDE_tower","20-235_UNDE2-C-3","UNDE2","Betula papyrifera",TRUE,TRUE
"UNDE_tower","20-235_UNDE2-C-4","UNDE2","Betula papyrifera",TRUE,TRUE
"UNDE_tower","20-235_UNDE2-D-1","UNDE2","Picea mariana",TRUE,TRUE
"UNDE_tower","20-235_UNDE2-D-2","UNDE2","Picea mariana",TRUE,TRUE
"UNDE_tower","20-235_UNDE2-D-3","UNDE2","Picea mariana",TRUE,TRUE
"UNDE_tower","20-235_UNDE2-D-4","UNDE2","Picea mariana",TRUE,TRUE
"UNDE_tower","20-235_UNDE2-D-5","UNDE2","Picea mariana",TRUE,TRUE
"CPER_tower","21-067_CPER3-A-1","CPER3","Bouteloua gracilis",TRUE,TRUE
"CPER_tower","21-067_CPER3-A-2","CPER3","Bouteloua gracilis",TRUE,TRUE
"CPER_tower","21-067_CPER3-A-3","CPER3","Bouteloua gracilis",TRUE,TRUE
"CPER_tower","21-067_CPER3-A-4","CPER3","Bouteloua gracilis",TRUE,TRUE
"CPER_tower","21-067_CPER3-A-5","CPER3","Bouteloua gracilis",TRUE,TRUE
"CPER_tower","21-067_CPER3-B-1","CPER3","Hesperostipa comata",TRUE,TRUE
"CPER_tower","21-067_CPER3-B-2","CPER3","Hesperostipa comata",TRUE,FALSE
"CPER_tower","21-067_CPER3-B-3","CPER3","Hesperostipa comata",TRUE,FALSE
"CPER_tower","21-067_CPER3-B-4","CPER3","Hesperostipa comata",TRUE,TRUE
"CPER_tower","21-067_CPER3-B-5","CPER3","Hesperostipa comata",TRUE,TRUE
"CPER_tower","21-067_CPER3-C-1","CPER3","Eriogonum effusum",TRUE,TRUE
"CPER_tower","21-067_CPER3-C-2","CPER3","Eriogonum effusum",TRUE,TRUE
"CPER_tower","21-067_CPER3-C-3","CPER3","Eriogonum effusum",TRUE,TRUE
"CPER_tower","21-067_CPER3-C-4","CPER3","Eriogonum effusum",TRUE,TRUE
"CPER_tower","21-067_CPER3-C-5","CPER3","Eriogonum effusum",TRUE,TRUE
"CPER_tower","21-067_CPER3-D-1","CPER3","Artemisia frigida",TRUE,TRUE
"CPER_tower","21-067_CPER3-D-2","CPER3","Artemisia frigida",TRUE,FALSE
"CPER_tower","21-067_CPER3-D-3","CPER3","Artemisia frigida",TRUE,FALSE
"CPER_tower","21-067_CPER3-D-4","CPER3","Artemisia frigida",TRUE,TRUE
"CPER_tower","21-067_CPER3-E-2","CPER3","Elymus elymoides",TRUE,FALSE
"CPER_tower","21-067_CPER3-E-3","CPER3","Elymus elymoides",TRUE,TRUE
"CPER_tower","21-067_CPER3-E-4","CPER3","Elymus elymoides",TRUE,FALSE
"CPER_tower","21-067_CPER3-E-5","CPER3","Elymus elymoides",TRUE,FALSE
"NIWO_tower","21-068_NIWO3-A-3","NIWO3","Geum rossii",FALSE,TRUE
"NIWO_tower","21-068_NIWO3-A-4","NIWO3","Geum rossii",FALSE,TRUE
"NIWO_tower","21-068_NIWO3-B-2","NIWO3","Carex rupestris",TRUE,TRUE
"NIWO_tower","21-068_NIWO3-B-3","NIWO3","Carex rupestris",TRUE,TRUE
"NIWO_tower","21-068_NIWO3-B-4","NIWO3","Carex rupestris",TRUE,TRUE
"NIWO_tower","21-068_NIWO3-B-5","NIWO3","Carex rupestris",TRUE,TRUE
"NIWO_tower","21-068_NIWO3-C-1","NIWO3","Abies lesiocarpa",TRUE,TRUE
"NIWO_tower","21-068_NIWO3-C-2","NIWO3","Abies lesiocarpa",TRUE,TRUE
"NIWO_tower","21-068_NIWO3-C-3","NIWO3","Abies lesiocarpa",TRUE,TRUE
"NIWO_tower","21-068_NIWO3-C-4","NIWO3","Abies lesiocarpa",TRUE,TRUE
"NIWO_tower","21-068_NIWO3-C-5","NIWO3","Abies lesiocarpa",TRUE,TRUE
"NIWO_tower","21-068_NIWO3-D-1","NIWO3","Minuartia obtusiloba",TRUE,TRUE
"NIWO_tower","21-068_NIWO3-D-2","NIWO3","Minuartia obtusiloba",TRUE,TRUE
"NIWO_tower","21-068_NIWO3-D-3","NIWO3","Minuartia obtusiloba",TRUE,TRUE
"NIWO_tower","21-068_NIWO3-D-4","NIWO3","Minuartia obtusiloba",TRUE,TRUE
"NIWO_tower","21-068_NIWO3-D-5","NIWO3","Minuartia obtusiloba",TRUE,TRUE
"NIWO_tower","21-068_NIWO3-E-1","NIWO3","Salix sp.",TRUE,TRUE
"NIWO_tower","21-068_NIWO3-E-2","NIWO3","Salix sp.",TRUE,TRUE
"NIWO_tower","21-068_NIWO3-E-3","NIWO3","Salix sp.",TRUE,TRUE
"NIWO_tower","21-068_NIWO3-E-5","NIWO3","Salix sp.",TRUE,TRUE
"HARV_tower","21-069_HARV2-A-1","HARV2","Quercus rubra",TRUE,TRUE
"HARV_tower","21-069_HARV2-A-2","HARV2","Quercus rubra",TRUE,TRUE
"HARV_tower","21-069_HARV2-A-4","HARV2","Quercus rubra",TRUE,TRUE
"HARV_tower","21-069_HARV2-A-5","HARV2","Quercus rubra",TRUE,TRUE
"HARV_tower","21-069_HARV2-C-1","HARV2","Pinus strobus",TRUE,TRUE
"HARV_tower","21-069_HARV2-C-3","HARV2","Pinus strobus",TRUE,TRUE
"HARV_tower","21-069_HARV2-C-4","HARV2","Pinus strobus",TRUE,TRUE
"HARV_tower","21-069_HARV2-C-5","HARV2","Pinus strobus",TRUE,TRUE
"HARV_tower","21-069_HARV2-D-1","HARV2","Tsuga canadensis",TRUE,TRUE
"HARV_tower","21-069_HARV2-D-2","HARV2","Tsuga canadensis",TRUE,TRUE
"HARV_tower","21-069_HARV2-D-3","HARV2","Tsuga canadensis",TRUE,TRUE
"HARV_tower","21-069_HARV2-D-4","HARV2","Tsuga canadensis",TRUE,TRUE
"HARV_tower","21-069_HARV2-D-5","HARV2","Tsuga canadensis",TRUE,TRUE
"HARV_tower","21-069_HARV2-E-3","HARV2","Betula alleghaniensis",TRUE,TRUE
"HARV_tower","21-069_HARV2-E-5","HARV2","Betula alleghaniensis",TRUE,TRUE
"WREF_tower","21-070_WREF1-A-1","WREF1","Pseudotsuga menziesii",TRUE,TRUE
"WREF_tower","21-070_WREF1-A-2","WREF1","Pseudotsuga menziesii",FALSE,TRUE
"WREF_tower","21-070_WREF1-A-3","WREF1","Pseudotsuga menziesii",TRUE,TRUE
"WREF_tower","21-070_WREF1-A-4","WREF1","Pseudotsuga menziesii",TRUE,TRUE
"WREF_tower","21-070_WREF1-A-5","WREF1","Pseudotsuga menziesii",TRUE,TRUE
"WREF_tower","21-070_WREF1-B-1","WREF1","Tsuga heterophylia",TRUE,TRUE
"WREF_tower","21-070_WREF1-B-2","WREF1","Tsuga heterophylia",TRUE,TRUE
"WREF_tower","21-070_WREF1-B-3","WREF1","Tsuga heterophylia",TRUE,TRUE
"WREF_tower","21-070_WREF1-B-4","WREF1","Tsuga heterophylia",TRUE,TRUE
"WREF_tower","21-070_WREF1-B-5","WREF1","Tsuga heterophylia",TRUE,TRUE
"WREF_tower","21-070_WREF1-C-1","WREF1","Thuja plicata",TRUE,TRUE
"WREF_tower","21-070_WREF1-C-2","WREF1","Thuja plicata",TRUE,TRUE
"WREF_tower","21-070_WREF1-C-3","WREF1","Thuja plicata",FALSE,TRUE
"WREF_tower","21-070_WREF1-C-4","WREF1","Thuja plicata",TRUE,TRUE
"WREF_tower","21-070_WREF1-C-5","WREF1","Thuja plicata",TRUE,TRUE
"WREF_tower","21-070_WREF1-D-1","WREF1","Taxus brevifolia",TRUE,TRUE
"WREF_tower","21-070_WREF1-D-2","WREF1","Taxus brevifolia",FALSE,TRUE
"WREF_tower","21-070_WREF1-D-3","WREF1","Taxus brevifolia",FALSE,TRUE
"WREF_tower","21-070_WREF1-D-4","WREF1","Taxus brevifolia",FALSE,TRUE
"WREF_tower","21-070_WREF1-D-5","WREF1","Taxus brevifolia",TRUE,TRUE
"WREF_tower","21-070_WREF1-E-2","WREF1","Gaultheria shallon",FALSE,TRUE
"YELL_tower","21-071_YELL2-A-1","YELL2","Pseudotsuga menziesii",TRUE,TRUE
"YELL_tower","21-071_YELL2-A-2","YELL2","Pseudotsuga menziesii",TRUE,TRUE
"YELL_tower","21-071_YELL2-A-3","YELL2","Pseudotsuga menziesii",TRUE,TRUE
"YELL_tower","21-071_YELL2-A-4","YELL2","Pseudotsuga menziesii",TRUE,FALSE
"YELL_tower","21-071_YELL2-B-1","YELL2","Pinus contorta",TRUE,TRUE
"YELL_tower","21-071_YELL2-B-2","YELL2","Pinus contorta",TRUE,TRUE
"YELL_tower","21-071_YELL2-B-3","YELL2","Pinus contorta",TRUE,TRUE
"YELL_tower","21-071_YELL2-B-4","YELL2","Pinus contorta",TRUE,FALSE
"YELL_tower","21-071_YELL2-C-1","YELL2","Artemisia tridentata",TRUE,FALSE
"YELL_tower","21-071_YELL2-C-2","YELL2","Artemisia tridentata",TRUE,TRUE
"YELL_tower","21-071_YELL2-C-3","YELL2","Artemisia tridentata",TRUE,TRUE
"YELL_tower","21-071_YELL2-C-4","YELL2","Artemisia tridentata",TRUE,TRUE
"YELL_tower","21-071_YELL2-D-1","YELL2","Festuca spp.",TRUE,FALSE
"YELL_tower","21-071_YELL2-D-2","YELL2","Festuca spp.",TRUE,FALSE
"YELL_tower","21-071_YELL2-D-3","YELL2","Festuca spp.",TRUE,TRUE
"YELL_tower","21-071_YELL2-D-4","YELL2","Festuca spp.",TRUE,FALSE
"YELL_tower","21-071_YELL2-E-1","YELL2","Poaceae sp.",TRUE,TRUE
"YELL_tower","21-071_YELL2-E-2","YELL2","Poaceae sp.",TRUE,TRUE
"YELL_tower","21-071_YELL2-E-3","YELL2","Poaceae sp.",TRUE,FALSE
"YELL_tower","21-071_YELL2-E-4","YELL2","Poaceae sp.",TRUE,TRUE
"SCBI_tower","21-072_SCBI3-A-1","SCBI3","Liriodendron tulipifera",TRUE,TRUE
"SCBI_tower","21-072_SCBI3-A-2","SCBI3","Liriodendron tulipifera",TRUE,TRUE
"SCBI_tower","21-072_SCBI3-A-3","SCBI3","Liriodendron tulipifera",TRUE,TRUE
"SCBI_tower","21-072_SCBI3-A-4","SCBI3","Liriodendron tulipifera",TRUE,TRUE
"SCBI_tower","21-072_SCBI3-A-5","SCBI3","Liriodendron tulipifera",TRUE,TRUE
"SCBI_tower","21-072_SCBI3-B-1","SCBI3","Quercus rubra",TRUE,TRUE
"SCBI_tower","21-072_SCBI3-B-2","SCBI3","Quercus rubra",TRUE,TRUE
"SCBI_tower","21-072_SCBI3-B-3","SCBI3","Quercus rubra",TRUE,TRUE
"SCBI_tower","21-072_SCBI3-B-4","SCBI3","Quercus rubra",TRUE,FALSE
"SCBI_tower","21-072_SCBI3-B-5","SCBI3","Quercus rubra",TRUE,TRUE
"SCBI_tower","21-072_SCBI3-C-1","SCBI3","Quercus alba",TRUE,TRUE
"SCBI_tower","21-072_SCBI3-C-2","SCBI3","Quercus alba",TRUE,TRUE
"SCBI_tower","21-072_SCBI3-C-3","SCBI3","Quercus alba",TRUE,FALSE
"SCBI_tower","21-072_SCBI3-C-4","SCBI3","Quercus alba",TRUE,TRUE
"SCBI_tower","21-072_SCBI3-C-5","SCBI3","Quercus alba",TRUE,FALSE
"SCBI_tower","21-072_SCBI3-D-1","SCBI3","Juglans nigra",TRUE,TRUE
"SCBI_tower","21-072_SCBI3-D-3","SCBI3","Juglans nigra",TRUE,TRUE
"SCBI_tower","21-072_SCBI3-D-4","SCBI3","Juglans nigra",TRUE,FALSE
"UNDE_tower","21-267_UNDE2-E-5","UNDE2","Abies balsamea",TRUE,TRUE
"UNDE_tower","21-267_UNDE3-C-4","UNDE3","Betula papyrifera",TRUE,FALSE
"UNDE_tower","21-267_UNDE3-D-1","UNDE3","Picea mariana",TRUE,FALSE
"UNDE_tower","21-267_UNDE3-D-2","UNDE3","Picea mariana",TRUE,TRUE
"UNDE_tower","21-267_UNDE3-D-3","UNDE3","Picea mariana",TRUE,FALSE
"UNDE_tower","21-267_UNDE3-D-5","UNDE3","Picea mariana",TRUE,FALSE
"UNDE_tower","21-267_UNDE3-E-3","UNDE3","Abies balsamea",TRUE,TRUE
"UNDE_tower","21-267_UNDE3-E-4","UNDE3","Abies balsamea",TRUE,TRUE
"UNDE_tower","21-267_UNDE3-E-5","UNDE3","Abies balsamea",TRUE,TRUE
"OSBS_tower","22-032_OSBS2-A-1","OSBS2","Pinus palustris",TRUE,FALSE
"OSBS_tower","22-032_OSBS2-A-2","OSBS2","Pinus palustris",TRUE,TRUE
"OSBS_tower","22-032_OSBS2-A-3","OSBS2","Pinus palustris",TRUE,TRUE
"OSBS_tower","22-032_OSBS2-A-4","OSBS2","Pinus palustris",TRUE,TRUE
"OSBS_tower","22-032_OSBS2-A-5","OSBS2","Pinus palustris",TRUE,FALSE
"OSBS_tower","22-032_OSBS2-B-1","OSBS2","Quercus laevis",TRUE,FALSE
"OSBS_tower","22-032_OSBS2-B-2","OSBS2","Quercus laevis",TRUE,FALSE
"OSBS_tower","22-032_OSBS2-B-3","OSBS2","Quercus laevis",TRUE,FALSE
"OSBS_tower","22-032_OSBS2-B-4","OSBS2","Quercus laevis",TRUE,FALSE
"OSBS_tower","22-032_OSBS2-C-1","OSBS2","Aristida beyrichiana",TRUE,TRUE
"OSBS_tower","22-032_OSBS2-C-2","OSBS2","Aristida beyrichiana",TRUE,TRUE
"OSBS_tower","22-032_OSBS2-C-3","OSBS2","Aristida beyrichiana",TRUE,TRUE
"OSBS_tower","22-032_OSBS2-C-4","OSBS2","Aristida beyrichiana",TRUE,TRUE
"OSBS_tower","22-032_OSBS2-C-5","OSBS2","Aristida beyrichiana",FALSE,TRUE
"OSBS_tower","22-032_OSBS2-D-1","OSBS2","Quercus germinata",TRUE,TRUE
"OSBS_tower","22-032_OSBS2-D-2","OSBS2","Quercus germinata",TRUE,TRUE
"OSBS_tower","22-032_OSBS2-D-3","OSBS2","Quercus germinata",TRUE,FALSE
"OSBS_tower","22-032_OSBS2-D-4","OSBS2","Quercus germinata",TRUE,TRUE
"OSBS_tower","22-032_OSBS2-D-5","OSBS2","Quercus germinata",TRUE,TRUE
"OSBS_tower","22-032_OSBS2-E-2","OSBS2","Diosypros virginiana",TRUE,TRUE
"OSBS_tower","22-032_OSBS2-E-3","OSBS2","Diosypros virginiana",TRUE,TRUE
"OSBS_tower","22-032_OSBS2-E-4","OSBS2","Diosypros virginiana",TRUE,TRUE
"OSBS_tower","22-032_OSBS2-E-5","OSBS2","Diosypros virginiana",TRUE,TRUE
"WREF_tower","22-034_WREF2-A-1","WREF2","Pseudotsuga menziesii",TRUE,TRUE
"WREF_tower","22-034_WREF2-A-2","WREF2","Pseudotsuga menziesii",TRUE,TRUE
"WREF_tower","22-034_WREF2-A-3","WREF2","Pseudotsuga menziesii",TRUE,TRUE
"WREF_tower","22-034_WREF2-A-4","WREF2","Pseudotsuga menziesii",TRUE,TRUE
"WREF_tower","22-034_WREF2-A-5","WREF2","Pseudotsuga menziesii",TRUE,TRUE
"WREF_tower","22-034_WREF2-B-1","WREF2","Tsuga heterophylia",TRUE,TRUE
"WREF_tower","22-034_WREF2-B-2","WREF2","Tsuga heterophylia",TRUE,TRUE
"WREF_tower","22-034_WREF2-B-3","WREF2","Tsuga heterophylia",TRUE,TRUE
"WREF_tower","22-034_WREF2-B-4","WREF2","Tsuga heterophylia",TRUE,TRUE
"WREF_tower","22-034_WREF2-B-5","WREF2","Tsuga heterophylia",TRUE,TRUE
"WREF_tower","22-034_WREF2-C-1","WREF2","Thuja plicata",TRUE,TRUE
"WREF_tower","22-034_WREF2-C-2","WREF2","Thuja plicata",TRUE,TRUE
"WREF_tower","22-034_WREF2-C-3","WREF2","Thuja plicata",TRUE,TRUE
"WREF_tower","22-034_WREF2-C-4","WREF2","Thuja plicata",TRUE,TRUE
"WREF_tower","22-034_WREF2-C-5","WREF2","Thuja plicata",FALSE,TRUE
"WREF_tower","22-034_WREF2-D-1","WREF2","Taxus brevifolia",FALSE,FALSE
"WREF_tower","22-034_WREF2-D-2","WREF2","Taxus brevifolia",FALSE,TRUE
"WREF_tower","22-034_WREF2-D-3","WREF2","Taxus brevifolia",TRUE,TRUE
"WREF_tower","22-034_WREF2-D-4","WREF2","Taxus brevifolia",FALSE,TRUE
"WREF_tower","22-034_WREF2-D-5","WREF2","Taxus brevifolia",FALSE,FALSE
"WREF_tower","22-034_WREF2-E-1","WREF2","Gaultheria shallon",TRUE,TRUE
"WREF_tower","22-034_WREF2-E-2","WREF2","Gaultheria shallon",FALSE,TRUE
"WREF_tower","22-034_WREF2-E-3","WREF2","Gaultheria shallon",TRUE,TRUE
"WREF_tower","22-034_WREF2-E-4","WREF2","Gaultheria shallon",FALSE,FALSE
"WREF_tower","22-034_WREF2-E-5","WREF2","Gaultheria shallon",FALSE,TRUE
"HARV_tower","22-035_HARV3-A-4","HARV3","Quercus rubra",TRUE,TRUE
"HARV_tower","22-035_HARV3-A-5","HARV3","Quercus rubra",TRUE,TRUE
"HARV_tower","22-035_HARV3-B-1","HARV3","Acer rubrum",TRUE,TRUE
"HARV_tower","22-035_HARV3-B-4","HARV3","Acer rubrum",TRUE,TRUE
"HARV_tower","22-035_HARV3-C-3","HARV3","Pinus strobus",TRUE,TRUE
"HARV_tower","22-035_HARV3-C-4","HARV3","Pinus strobus",TRUE,TRUE
"HARV_tower","22-035_HARV3-C-5","HARV3","Pinus strobus",TRUE,TRUE
"HARV_tower","22-035_HARV3-D-1","HARV3","Tsuga canadensis",TRUE,TRUE
"HARV_tower","22-035_HARV3-D-2","HARV3","Tsuga canadensis",TRUE,TRUE
"HARV_tower","22-035_HARV3-D-3","HARV3","Tsuga canadensis",TRUE,TRUE
"HARV_tower","22-035_HARV3-D-4","HARV3","Tsuga canadensis",TRUE,TRUE
"HARV_tower","22-035_HARV3-D-5","HARV3","Tsuga canadensis",TRUE,TRUE
"HARV_tower","22-035_HARV3-E-1","HARV3","Betula alleghaniensis",TRUE,TRUE
"HARV_tower","22-035_HARV3-E-2","HARV3","Betula alleghaniensis",TRUE,TRUE
"HARV_tower","22-035_HARV3-E-3","HARV3","Betula alleghaniensis",FALSE,TRUE
"HARV_tower","22-035_HARV3-E-4","HARV3","Betula alleghaniensis",TRUE,TRUE
"HARV_tower","22-035_HARV3-E-5","HARV3","Betula alleghaniensis",TRUE,TRUE
"OSBS_tower","22-041_OSBS3-A-1","OSBS3","Pinus palustris",TRUE,TRUE
"OSBS_tower","22-041_OSBS3-A-2","OSBS3","Pinus palustris",TRUE,TRUE
"OSBS_tower","22-041_OSBS3-A-3","OSBS3","Pinus palustris",TRUE,TRUE
"OSBS_tower","22-041_OSBS3-A-4","OSBS3","Pinus palustris",TRUE,TRUE
"OSBS_tower","22-041_OSBS3-A-5","OSBS3","Pinus palustris",TRUE,TRUE
"OSBS_tower","22-041_OSBS3-B-4","OSBS3","Quercus laevis",TRUE,TRUE
"OSBS_tower","22-041_OSBS3-B-5","OSBS3","Quercus laevis",TRUE,TRUE
"OSBS_tower","22-041_OSBS3-C-1","OSBS3","Aristida beyrichiana",TRUE,TRUE
"OSBS_tower","22-041_OSBS3-C-2","OSBS3","Aristida beyrichiana",TRUE,TRUE
"OSBS_tower","22-041_OSBS3-C-3","OSBS3","Aristida beyrichiana",TRUE,TRUE
"OSBS_tower","22-041_OSBS3-C-4","OSBS3","Aristida beyrichiana",TRUE,TRUE
"OSBS_tower","22-041_OSBS3-C-5","OSBS3","Aristida beyrichiana",TRUE,TRUE
"OSBS_tower","22-041_OSBS3-D-1","OSBS3","Quercus germinata",TRUE,TRUE
"OSBS_tower","22-041_OSBS3-D-2","OSBS3","Quercus germinata",TRUE,TRUE
"OSBS_tower","22-041_OSBS3-D-3","OSBS3","Quercus germinata",TRUE,TRUE
"OSBS_tower","22-041_OSBS3-D-4","OSBS3","Quercus germinata",TRUE,TRUE
"OSBS_tower","22-041_OSBS3-D-5","OSBS3","Quercus germinata",TRUE,TRUE
"OSBS_tower","22-041_OSBS3-E-1","OSBS3","Diosypros virginiana",TRUE,TRUE
"OSBS_tower","22-041_OSBS3-E-2","OSBS3","Diosypros virginiana",TRUE,TRUE
"OSBS_tower","22-041_OSBS3-E-3","OSBS3","Diosypros virginiana",TRUE,TRUE
"OSBS_tower","22-041_OSBS3-E-4","OSBS3","Diosypros virginiana",TRUE,TRUE
"OSBS_tower","22-041_OSBS3-E-5","OSBS3","Diosypros virginiana",TRUE,TRUE
"WREF_tower","22-042_WREF3-A-1","WREF3","Pseudotsuga menziesii",TRUE,TRUE
"WREF_tower","22-042_WREF3-A-2","WREF3","Pseudotsuga menziesii",TRUE,TRUE
"WREF_tower","22-042_WREF3-A-3","WREF3","Pseudotsuga menziesii",TRUE,TRUE
"WREF_tower","22-042_WREF3-A-4","WREF3","Pseudotsuga menziesii",TRUE,TRUE
"WREF_tower","22-042_WREF3-A-5","WREF3","Pseudotsuga menziesii",TRUE,TRUE
"WREF_tower","22-042_WREF3-B-1","WREF3","Tsuga heterophylia",TRUE,TRUE
"WREF_tower","22-042_WREF3-B-2","WREF3","Tsuga heterophylia",TRUE,TRUE
"WREF_tower","22-042_WREF3-B-3","WREF3","Tsuga heterophylia",TRUE,TRUE
"WREF_tower","22-042_WREF3-B-4","WREF3","Tsuga heterophylia",TRUE,TRUE
"WREF_tower","22-042_WREF3-B-5","WREF3","Tsuga heterophylia",TRUE,TRUE
"WREF_tower","22-042_WREF3-C-1","WREF3","Thuja plicata",TRUE,TRUE
"WREF_tower","22-042_WREF3-C-2","WREF3","Thuja plicata",TRUE,TRUE
"WREF_tower","22-042_WREF3-C-3","WREF3","Thuja plicata",TRUE,TRUE
"WREF_tower","22-042_WREF3-C-4","WREF3","Thuja plicata",TRUE,TRUE
"WREF_tower","22-042_WREF3-C-5","WREF3","Thuja plicata",TRUE,TRUE
"WREF_tower","22-042_WREF3-D-1","WREF3","Taxus brevifolia",TRUE,TRUE
"WREF_tower","22-042_WREF3-D-2","WREF3","Taxus brevifolia",TRUE,TRUE
"WREF_tower","22-042_WREF3-D-3","WREF3","Taxus brevifolia",TRUE,TRUE
"WREF_tower","22-042_WREF3-D-4","WREF3","Taxus brevifolia",TRUE,TRUE
"WREF_tower","22-042_WREF3-D-5","WREF3","Taxus brevifolia",TRUE,TRUE
"WREF_tower","22-042_WREF3-E-1","WREF3","Gaultheria shallon",TRUE,TRUE
"WREF_tower","22-042_WREF3-E-2","WREF3","Gaultheria shallon",TRUE,TRUE
"WREF_tower","22-042_WREF3-E-3","WREF3","Gaultheria shallon",TRUE,TRUE
"WREF_tower","22-042_WREF3-E-4","WREF3","Gaultheria shallon",TRUE,TRUE
"WREF_tower","22-042_WREF3-E-5","WREF3","Gaultheria shallon",TRUE,TRUE
"YELL_tower","22-155_YELL5-A-1","YELL5","Pseudotsuga menziesii",TRUE,TRUE
"YELL_tower","22-155_YELL5-A-2","YELL5","Pseudotsuga menziesii",TRUE,TRUE
"YELL_tower","22-155_YELL5-A-3","YELL5","Pseudotsuga menziesii",TRUE,TRUE
"YELL_tower","22-155_YELL5-A-4","YELL5","Pseudotsuga menziesii",TRUE,TRUE
"YELL_tower","22-155_YELL5-A-5","YELL5","Pseudotsuga menziesii",TRUE,TRUE
"YELL_tower","22-155_YELL5-B-1","YELL5","Pinus contorta",TRUE,TRUE
"YELL_tower","22-155_YELL5-B-2","YELL5","Pinus contorta",FALSE,TRUE
"YELL_tower","22-155_YELL5-B-3","YELL5","Pinus contorta",TRUE,TRUE
"YELL_tower","22-155_YELL5-B-4","YELL5","Pinus contorta",TRUE,TRUE
"YELL_tower","22-155_YELL5-B-5","YELL5","Pinus contorta",FALSE,TRUE
"YELL_tower","22-155_YELL5-C-1","YELL5","Artemisia tridentata",TRUE,TRUE
"YELL_tower","22-155_YELL5-C-2","YELL5","Artemisia tridentata",TRUE,TRUE
"YELL_tower","22-155_YELL5-C-3","YELL5","Artemisia tridentata",FALSE,TRUE
"YELL_tower","22-155_YELL5-C-5","YELL5","Artemisia tridentata",TRUE,TRUE
"YELL_tower","22-155_YELL5-D-1","YELL5","Festuca spp.",TRUE,TRUE
"YELL_tower","22-155_YELL5-D-2","YELL5","Festuca spp.",FALSE,FALSE
"YELL_tower","22-155_YELL5-D-3","YELL5","Festuca spp.",FALSE,FALSE
"YELL_tower","22-155_YELL5-D-4","YELL5","Festuca spp.",FALSE,TRUE
"YELL_tower","22-155_YELL5-D-5","YELL5","Festuca spp.",TRUE,TRUE
"YELL_tower","22-155_YELL5-E-1","YELL5","Poaceae sp.",FALSE,FALSE
"YELL_tower","22-155_YELL5-E-2","YELL5","Poaceae sp.",TRUE,TRUE
"YELL_tower","22-155_YELL5-E-3","YELL5","Poaceae sp.",FALSE,FALSE
"YELL_tower","22-155_YELL5-E-4","YELL5","Poaceae sp.",FALSE,FALSE
"YELL_tower","22-155_YELL5-E-5","YELL5","Poaceae sp.",TRUE,FALSE
"SCBI_tower","22-157_SCBI5-B-3","SCBI5","Quercus rubra",TRUE,FALSE
"SCBI_tower","22-157_SCBI5-C-1","SCBI5","Quercus alba",FALSE,TRUE
"WOOD_tower","22-158_WOOD5-A-1","WOOD5","Poa pratensis",TRUE,TRUE
"WOOD_tower","22-158_WOOD5-A-2","WOOD5","Poa pratensis",TRUE,TRUE
"WOOD_tower","22-158_WOOD5-A-3","WOOD5","Poa pratensis",TRUE,TRUE
"WOOD_tower","22-158_WOOD5-A-4","WOOD5","Poa pratensis",TRUE,TRUE
"WOOD_tower","22-158_WOOD5-A-5","WOOD5","Poa pratensis",TRUE,TRUE
"WOOD_tower","22-158_WOOD5-B-1","WOOD5","Medicago sativa",TRUE,TRUE
"WOOD_tower","22-158_WOOD5-C-4","WOOD5","Bromus inermis",TRUE,TRUE
"WOOD_tower","22-158_WOOD5-C-5","WOOD5","Bromus inermis",TRUE,TRUE
"WOOD_tower","22-158_WOOD5-D-1","WOOD5","Artemisia absinthium",TRUE,TRUE
"WOOD_tower","22-158_WOOD5-D-2","WOOD5","Artemisia absinthium",TRUE,TRUE
"WOOD_tower","22-158_WOOD5-D-3","WOOD5","Artemisia absinthium",TRUE,TRUE
"WOOD_tower","22-158_WOOD5-E-1","WOOD5","Schizachyrium scoparium",TRUE,TRUE
"WOOD_tower","22-158_WOOD5-E-2","WOOD5","Schizachyrium scoparium",TRUE,TRUE
"WOOD_tower","22-158_WOOD5-E-3","WOOD5","Schizachyrium scoparium",TRUE,TRUE
"WOOD_tower","22-158_WOOD5-E-4","WOOD5","Schizachyrium scoparium",TRUE,TRUE
"WOOD_tower","22-158_WOOD5-E-5","WOOD5","Schizachyrium scoparium",TRUE,TRUE
"TALL_tower","22-233_TALL4-A-1","TALL4","Pinus palustris",TRUE,TRUE
"TALL_tower","22-233_TALL4-A-2","TALL4","Pinus palustris",TRUE,TRUE
"TALL_tower","22-233_TALL4-A-3","TALL4","Pinus palustris",TRUE,TRUE
"TALL_tower","22-233_TALL4-A-4","TALL4","Pinus palustris",TRUE,TRUE
"TALL_tower","22-233_TALL4-A-5","TALL4","Pinus palustris",TRUE,FALSE
"TALL_tower","22-233_TALL4-B-5","TALL4","Liquidambar styraciflua",TRUE,TRUE
"TALL_tower","22-233_TALL4-C-1","TALL4","Vaccinium arboreum",TRUE,TRUE
"TALL_tower","22-233_TALL4-C-2","TALL4","Vaccinium arboreum",TRUE,TRUE
"TALL_tower","22-233_TALL4-C-3","TALL4","Vaccinium arboreum",TRUE,TRUE
"TALL_tower","22-233_TALL4-C-5","TALL4","Vaccinium arboreum",TRUE,TRUE
"TALL_tower","22-233_TALL4-D-1","TALL4","Quercus falcata",TRUE,TRUE
"TALL_tower","22-233_TALL4-D-2","TALL4","Quercus falcata",TRUE,TRUE
"TALL_tower","22-233_TALL4-D-3","TALL4","Quercus falcata",TRUE,TRUE
"HARV_tower","22-234_HARV5-A-1","HARV5","Quercus rubra",TRUE,TRUE
"HARV_tower","22-234_HARV5-A-5","HARV5","Quercus rubra",TRUE,FALSE
"HARV_tower","22-234_HARV5-B-1","HARV5","Acer rubrum",TRUE,TRUE
"HARV_tower","22-234_HARV5-B-5","HARV5","Acer rubrum",TRUE,TRUE
"HARV_tower","22-234_HARV5-C-1","HARV5","Pinus strobus",TRUE,TRUE
"HARV_tower","22-234_HARV5-C-2","HARV5","Pinus strobus",TRUE,TRUE
"HARV_tower","22-234_HARV5-C-3","HARV5","Pinus strobus",TRUE,TRUE
"HARV_tower","22-234_HARV5-C-4","HARV5","Pinus strobus",TRUE,TRUE
"HARV_tower","22-234_HARV5-C-5","HARV5","Pinus strobus",TRUE,TRUE
"HARV_tower","22-234_HARV5-D-1","HARV5","Tsuga canadensis",TRUE,TRUE
"HARV_tower","22-234_HARV5-D-2","HARV5","Tsuga canadensis",TRUE,TRUE
"HARV_tower","22-234_HARV5-D-3","HARV5","Tsuga canadensis",TRUE,TRUE
"HARV_tower","22-234_HARV5-D-4","HARV5","Tsuga canadensis",TRUE,TRUE
"HARV_tower","22-234_HARV5-D-5","HARV5","Tsuga canadensis",TRUE,TRUE
"HARV_tower","22-234_HARV5-E-2","HARV5","Betula alleghaniensis",TRUE,TRUE
"HARV_tower","22-234_HARV5-E-5","HARV5","Betula alleghaniensis",TRUE,TRUE
"WOOD_tower","22-251_WOOD7-A-1","WOOD7","Poa pratensis",TRUE,TRUE
"WOOD_tower","22-251_WOOD7-A-2","WOOD7","Poa pratensis",TRUE,TRUE
"WOOD_tower","22-251_WOOD7-A-3","WOOD7","Poa pratensis",TRUE,TRUE
"WOOD_tower","22-251_WOOD7-A-4","WOOD7","Poa pratensis",TRUE,TRUE
"WOOD_tower","22-251_WOOD7-A-5","WOOD7","Poa pratensis",TRUE,TRUE
"WOOD_tower","22-251_WOOD7-B-1","WOOD7","Medicago sativa",TRUE,TRUE
"WOOD_tower","22-251_WOOD7-B-4","WOOD7","Medicago sativa",TRUE,TRUE
"WOOD_tower","22-251_WOOD7-B-5","WOOD7","Medicago sativa",TRUE,TRUE
"WOOD_tower","22-251_WOOD7-C-1","WOOD7","Bromus inermis",FALSE,TRUE
"WOOD_tower","22-251_WOOD7-C-2","WOOD7","Bromus inermis",TRUE,TRUE
"WOOD_tower","22-251_WOOD7-C-3","WOOD7","Bromus inermis",TRUE,TRUE
"WOOD_tower","22-251_WOOD7-C-4","WOOD7","Bromus inermis",TRUE,TRUE
"WOOD_tower","22-251_WOOD7-C-5","WOOD7","Bromus inermis",TRUE,TRUE
"WOOD_tower","22-251_WOOD7-D-1","WOOD7","Artemisia absinthium",TRUE,TRUE
"WOOD_tower","22-251_WOOD7-D-2","WOOD7","Artemisia absinthium",TRUE,TRUE
"WOOD_tower","22-251_WOOD7-D-4","WOOD7","Artemisia absinthium",TRUE,TRUE
"WOOD_tower","22-251_WOOD7-D-5","WOOD7","Artemisia absinthium",TRUE,TRUE
"WOOD_tower","22-251_WOOD7-E-1","WOOD7","Schizachyrium scoparium",FALSE,FALSE
"WOOD_tower","22-251_WOOD7-E-2","WOOD7","Schizachyrium scoparium",TRUE,TRUE
"WOOD_tower","22-251_WOOD7-E-3","WOOD7","Schizachyrium scoparium",TRUE,TRUE
"WOOD_tower","22-251_WOOD7-E-4","WOOD7","Schizachyrium scoparium",TRUE,TRUE
"WOOD_tower","22-251_WOOD7-E-5","WOOD7","Schizachyrium scoparium",FALSE,TRUE
"CPER_tower","22-261_CPER5-A-2","CPER5","Bouteloua gracilis",TRUE,TRUE
"CPER_tower","22-261_CPER5-A-4","CPER5","Bouteloua gracilis",TRUE,FALSE
"CPER_tower","22-261_CPER5-C-1","CPER5","Eriogonum effusum",TRUE,TRUE
"CPER_tower","22-261_CPER5-C-2","CPER5","Eriogonum effusum",TRUE,TRUE
"CPER_tower","22-261_CPER5-C-3","CPER5","Eriogonum effusum",TRUE,TRUE
"CPER_tower","22-261_CPER5-C-4","CPER5","Eriogonum effusum",TRUE,TRUE
"CPER_tower","22-261_CPER5-D-1","CPER5","Artemisia frigida",FALSE,FALSE
"CPER_tower","22-261_CPER5-D-2","CPER5","Artemisia frigida",TRUE,TRUE
"CPER_tower","22-261_CPER5-D-3","CPER5","Artemisia frigida",FALSE,TRUE
"CPER_tower","22-261_CPER5-D-4","CPER5","Artemisia frigida",TRUE,TRUE
"SJER_tower","22-262_SJER4-A-1","SJER4","Pinus sabiniana",TRUE,TRUE
"SJER_tower","22-262_SJER4-A-2","SJER4","Pinus sabiniana",TRUE,TRUE
"SJER_tower","22-262_SJER4-C-4","SJER4","Quercus wislizeni",TRUE,TRUE
"SJER_tower","22-262_SJER4-D-1","SJER4","Bromus hordaceus",FALSE,TRUE
"SJER_tower","22-262_SJER4-D-2","SJER4","Bromus hordaceus",FALSE,FALSE
"SJER_tower","22-262_SJER4-D-3","SJER4","Bromus hordaceus",TRUE,TRUE
"SJER_tower","22-262_SJER4-D-4","SJER4","Bromus hordaceus",FALSE,FALSE
"SJER_tower","22-262_SJER4-D-5","SJER4","Bromus hordaceus",FALSE,FALSE
"SCBI_tower","22-283_SCBI4-A-1","SCBI4","Liriodendron tulipifera",TRUE,TRUE
"SCBI_tower","22-283_SCBI4-A-2","SCBI4","Liriodendron tulipifera",TRUE,TRUE
"SCBI_tower","22-283_SCBI4-A-3","SCBI4","Liriodendron tulipifera",TRUE,TRUE
"SCBI_tower","22-283_SCBI4-A-4","SCBI4","Liriodendron tulipifera",TRUE,TRUE
"SCBI_tower","22-283_SCBI4-A-5","SCBI4","Liriodendron tulipifera",TRUE,TRUE
"SCBI_tower","22-283_SCBI4-B-1","SCBI4","Quercus rubra",TRUE,TRUE
"SCBI_tower","22-283_SCBI4-B-2","SCBI4","Quercus rubra",TRUE,TRUE
"SCBI_tower","22-283_SCBI4-B-4","SCBI4","Quercus rubra",TRUE,TRUE
"SCBI_tower","22-283_SCBI4-C-1","SCBI4","Quercus alba",TRUE,TRUE
"SCBI_tower","22-283_SCBI4-C-2","SCBI4","Quercus alba",TRUE,TRUE
"SCBI_tower","22-283_SCBI4-C-3","SCBI4","Quercus alba",TRUE,TRUE
"SCBI_tower","22-283_SCBI4-C-4","SCBI4","Quercus alba",TRUE,TRUE
"SCBI_tower","22-283_SCBI4-C-5","SCBI4","Quercus alba",TRUE,TRUE
"SCBI_tower","22-283_SCBI4-D-1","SCBI4","Juglans nigra",TRUE,TRUE
"SCBI_tower","22-283_SCBI4-D-2","SCBI4","Juglans nigra",TRUE,TRUE
"SCBI_tower","22-283_SCBI4-D-3","SCBI4","Juglans nigra",TRUE,TRUE
"SCBI_tower","22-283_SCBI4-D-4","SCBI4","Juglans nigra",TRUE,TRUE
"SCBI_tower","22-283_SCBI4-D-5","SCBI4","Juglans nigra",TRUE,TRUE
"UNDE_tower","22-284_UNDE6-A-1","UNDE6","Acer saccharum",TRUE,TRUE
"UNDE_tower","22-284_UNDE6-A-2","UNDE6","Acer saccharum",TRUE,TRUE
"UNDE_tower","22-284_UNDE6-A-3","UNDE6","Acer saccharum",TRUE,TRUE
"UNDE_tower","22-284_UNDE6-A-4","UNDE6","Acer saccharum",TRUE,TRUE
"UNDE_tower","22-284_UNDE6-A-5","UNDE6","Acer saccharum",TRUE,TRUE
"UNDE_tower","22-284_UNDE6-B-1","UNDE6","Acer rubrum",TRUE,TRUE
"UNDE_tower","22-284_UNDE6-B-2","UNDE6","Acer rubrum",TRUE,TRUE
"UNDE_tower","22-284_UNDE6-B-3","UNDE6","Acer rubrum",TRUE,TRUE
"UNDE_tower","22-284_UNDE6-B-4","UNDE6","Acer rubrum",TRUE,TRUE
"UNDE_tower","22-284_UNDE6-B-5","UNDE6","Acer rubrum",TRUE,TRUE
"UNDE_tower","22-284_UNDE6-C-1","UNDE6","Betula papyrifera",TRUE,TRUE
"UNDE_tower","22-284_UNDE6-C-2","UNDE6","Betula papyrifera",TRUE,TRUE
"UNDE_tower","22-284_UNDE6-C-3","UNDE6","Betula papyrifera",TRUE,TRUE
"UNDE_tower","22-284_UNDE6-C-4","UNDE6","Betula papyrifera",TRUE,TRUE
"UNDE_tower","22-284_UNDE6-C-5","UNDE6","Betula papyrifera",TRUE,TRUE
"UNDE_tower","22-284_UNDE6-D-1","UNDE6","Picea mariana",TRUE,TRUE
"UNDE_tower","22-284_UNDE6-D-2","UNDE6","Picea mariana",TRUE,TRUE
"UNDE_tower","22-284_UNDE6-D-3","UNDE6","Picea mariana",TRUE,TRUE
"UNDE_tower","22-284_UNDE6-D-4","UNDE6","Picea mariana",TRUE,TRUE
"UNDE_tower","22-284_UNDE6-D-5","UNDE6","Picea mariana",TRUE,TRUE
"UNDE_tower","22-284_UNDE6-E-2","UNDE6","Abies balsamea",TRUE,TRUE
"UNDE_tower","22-284_UNDE6-E-3","UNDE6","Abies balsamea",TRUE,TRUE
"UNDE_tower","22-284_UNDE6-E-4","UNDE6","Abies balsamea",TRUE,TRUE
"UNDE_tower","22-284_UNDE6-E-5","UNDE6","Abies balsamea",TRUE,TRUE
"HARV_tower","22-294_HARV4-A-1","HARV4","Quercus rubra",FALSE,TRUE
"HARV_tower","22-294_HARV4-A-2","HARV4","Quercus rubra",TRUE,FALSE
"HARV_tower","22-294_HARV4-A-5","HARV4","Quercus rubra",FALSE,TRUE
"HARV_tower","22-294_HARV4-B-4","HARV4","Acer rubrum",FALSE,TRUE
"HARV_tower","22-294_HARV4-C-1","HARV4","Pinus strobus",FALSE,FALSE
"HARV_tower","22-294_HARV4-C-2","HARV4","Pinus strobus",FALSE,FALSE
"HARV_tower","22-294_HARV4-C-3","HARV4","Pinus strobus",FALSE,FALSE
"HARV_tower","22-294_HARV4-C-4","HARV4","Pinus strobus",FALSE,FALSE
"HARV_tower","22-294_HARV4-C-5","HARV4","Pinus strobus",FALSE,FALSE
"HARV_tower","22-294_HARV4-D-1","HARV4","Tsuga canadensis",TRUE,TRUE
"HARV_tower","22-294_HARV4-D-2","HARV4","Tsuga canadensis",TRUE,TRUE
"HARV_tower","22-294_HARV4-D-3","HARV4","Tsuga canadensis",TRUE,TRUE
"HARV_tower","22-294_HARV4-D-4","HARV4","Tsuga canadensis",FALSE,TRUE
"HARV_tower","22-294_HARV4-D-5","HARV4","Tsuga canadensis",TRUE,TRUE
"HARV_tower","22-294_HARV4-E-5","HARV4","Betula alleghaniensis",FALSE,TRUE
"SCBI_tower","22-303_SCBI6-A-1","SCBI6","Liriodendron tulipifera",FALSE,TRUE
"SCBI_tower","22-303_SCBI6-A-2","SCBI6","Liriodendron tulipifera",FALSE,TRUE
"SCBI_tower","22-303_SCBI6-B-1","SCBI6","Quercus rubra",TRUE,TRUE
"SCBI_tower","22-303_SCBI6-B-3","SCBI6","Quercus rubra",TRUE,TRUE
"SCBI_tower","22-303_SCBI6-C-1","SCBI6","Quercus alba",TRUE,TRUE
"UNDE_tower","22-304_UNDE4-A-1","UNDE4","Acer saccharum",TRUE,TRUE
"UNDE_tower","22-304_UNDE4-A-2","UNDE4","Acer saccharum",TRUE,TRUE
"UNDE_tower","22-304_UNDE4-A-3","UNDE4","Acer saccharum",TRUE,TRUE
"UNDE_tower","22-304_UNDE4-A-5","UNDE4","Acer saccharum",TRUE,TRUE
"UNDE_tower","22-304_UNDE4-B-1","UNDE4","Acer rubrum",TRUE,TRUE
"UNDE_tower","22-304_UNDE4-B-2","UNDE4","Acer rubrum",TRUE,TRUE
"UNDE_tower","22-304_UNDE4-B-3","UNDE4","Acer rubrum",FALSE,TRUE
"UNDE_tower","22-304_UNDE4-B-4","UNDE4","Acer rubrum",TRUE,TRUE
"UNDE_tower","22-304_UNDE4-B-5","UNDE4","Acer rubrum",TRUE,TRUE
"UNDE_tower","22-304_UNDE4-C-1","UNDE4","Betula papyrifera",TRUE,TRUE
"UNDE_tower","22-304_UNDE4-C-2","UNDE4","Betula papyrifera",FALSE,TRUE
"UNDE_tower","22-304_UNDE4-C-3","UNDE4","Betula papyrifera",TRUE,TRUE
"UNDE_tower","22-304_UNDE4-C-4","UNDE4","Betula papyrifera",TRUE,TRUE
"UNDE_tower","22-304_UNDE4-C-5","UNDE4","Betula papyrifera",TRUE,TRUE
"UNDE_tower","22-304_UNDE4-D-1","UNDE4","Picea mariana",TRUE,TRUE
"UNDE_tower","22-304_UNDE4-D-2","UNDE4","Picea mariana",FALSE,TRUE
"UNDE_tower","22-304_UNDE4-D-3","UNDE4","Picea mariana",TRUE,TRUE
"UNDE_tower","22-304_UNDE4-D-4","UNDE4","Picea mariana",TRUE,TRUE
"UNDE_tower","22-304_UNDE4-D-5","UNDE4","Picea mariana",TRUE,TRUE
"UNDE_tower","22-304_UNDE4-E-1","UNDE4","Abies balsamea",FALSE,TRUE
"UNDE_tower","22-304_UNDE4-E-2","UNDE4","Abies balsamea",TRUE,TRUE
"UNDE_tower","22-304_UNDE4-E-3","UNDE4","Abies balsamea",TRUE,TRUE
"UNDE_tower","22-304_UNDE4-E-4","UNDE4","Abies balsamea",TRUE,TRUE
"UNDE_tower","22-304_UNDE4-E-5","UNDE4","Abies balsamea",TRUE,TRUE
"UNDE_tower","22-311_UNDE7-A-1","UNDE7","Abies balsamea",TRUE,TRUE
"UNDE_tower","22-311_UNDE7-A-2","UNDE7","Abies balsamea",TRUE,TRUE
"UNDE_tower","22-311_UNDE7-A-3","UNDE7","Abies balsamea",TRUE,TRUE
"UNDE_tower","22-311_UNDE7-A-4","UNDE7","Abies balsamea",TRUE,TRUE
"UNDE_tower","22-311_UNDE7-A-5","UNDE7","Abies balsamea",TRUE,TRUE
"UNDE_tower","22-311_UNDE7-B-1","UNDE7","Acer rubrum",TRUE,TRUE
"UNDE_tower","22-311_UNDE7-B-2","UNDE7","Acer rubrum",TRUE,TRUE
"UNDE_tower","22-311_UNDE7-B-3","UNDE7","Acer rubrum",TRUE,TRUE
"UNDE_tower","22-311_UNDE7-B-4","UNDE7","Acer rubrum",TRUE,TRUE
"UNDE_tower","22-311_UNDE7-B-5","UNDE7","Acer rubrum",TRUE,TRUE
"UNDE_tower","22-311_UNDE7-C-1","UNDE7","Betula papyrifera",TRUE,TRUE
"UNDE_tower","22-311_UNDE7-C-2","UNDE7","Betula papyrifera",TRUE,TRUE
"UNDE_tower","22-311_UNDE7-C-3","UNDE7","Betula papyrifera",TRUE,TRUE
"UNDE_tower","22-311_UNDE7-C-4","UNDE7","Betula papyrifera",TRUE,TRUE
"UNDE_tower","22-311_UNDE7-C-5","UNDE7","Betula papyrifera",TRUE,TRUE
"UNDE_tower","22-311_UNDE7-D-2","UNDE7","Picea mariana",TRUE,TRUE
"UNDE_tower","22-311_UNDE7-D-3","UNDE7","Picea mariana",TRUE,TRUE
"UNDE_tower","22-311_UNDE7-D-4","UNDE7","Picea mariana",TRUE,TRUE
"UNDE_tower","22-311_UNDE7-D-5","UNDE7","Picea mariana",TRUE,TRUE
"UNDE_tower","22-311_UNDE7-E-1","UNDE7","Acer saccharum",TRUE,TRUE
"UNDE_tower","22-311_UNDE7-E-2","UNDE7","Acer saccharum",TRUE,TRUE
"UNDE_tower","22-311_UNDE7-E-3","UNDE7","Acer saccharum",TRUE,TRUE
"UNDE_tower","22-311_UNDE7-E-4","UNDE7","Acer saccharum",TRUE,TRUE
"UNDE_tower","22-311_UNDE7-E-5","UNDE7","Acer saccharum",TRUE,TRUE
"TALL_tower","23-011_TALL5-A-1","TALL5","Pinus palustris",FALSE,TRUE
"TALL_tower","23-011_TALL5-A-2","TALL5","Pinus palustris",TRUE,TRUE
"TALL_tower","23-011_TALL5-A-3","TALL5","Pinus palustris",FALSE,TRUE
"TALL_tower","23-011_TALL5-A-4","TALL5","Pinus palustris",TRUE,TRUE
"TALL_tower","23-011_TALL5-A-5","TALL5","Pinus palustris",TRUE,TRUE
"TALL_tower","23-011_TALL5-B-1","TALL5","Liquidambar styraciflua",TRUE,TRUE
"TALL_tower","23-011_TALL5-B-2","TALL5","Liquidambar styraciflua",TRUE,TRUE
"TALL_tower","23-011_TALL5-B-3","TALL5","Liquidambar styraciflua",FALSE,TRUE
"TALL_tower","23-011_TALL5-B-4","TALL5","Liquidambar styraciflua",FALSE,TRUE
"TALL_tower","23-011_TALL5-B-5","TALL5","Liquidambar styraciflua",TRUE,TRUE
"TALL_tower","23-011_TALL5-C-1","TALL5","Vaccinium arboreum",TRUE,TRUE
"TALL_tower","23-011_TALL5-C-2","TALL5","Vaccinium arboreum",TRUE,TRUE
"TALL_tower","23-011_TALL5-C-3","TALL5","Vaccinium arboreum",TRUE,TRUE
"TALL_tower","23-011_TALL5-C-4","TALL5","Vaccinium arboreum",TRUE,TRUE
"TALL_tower","23-011_TALL5-C-5","TALL5","Vaccinium arboreum",TRUE,TRUE
"TALL_tower","23-011_TALL5-D-1","TALL5","Quercus falcata",TRUE,TRUE
"TALL_tower","23-011_TALL5-D-3","TALL5","Quercus falcata",TRUE,TRUE
"TALL_tower","23-011_TALL5-D-4","TALL5","Quercus falcata",TRUE,TRUE
"TALL_tower","23-011_TALL5-D-5","TALL5","Quercus falcata",TRUE,TRUE
"HARV_tower","23-028_HARV6-A-2","HARV6","Quercus rubra",TRUE,TRUE
"HARV_tower","23-028_HARV6-A-4","HARV6","Quercus rubra",TRUE,TRUE
"HARV_tower","23-028_HARV6-B-4","HARV6","Acer rubrum",TRUE,TRUE
"HARV_tower","23-028_HARV6-C-1","HARV6","Pinus strobus",TRUE,TRUE
"HARV_tower","23-028_HARV6-C-2","HARV6","Pinus strobus",TRUE,TRUE
"HARV_tower","23-028_HARV6-C-3","HARV6","Pinus strobus",FALSE,FALSE
"HARV_tower","23-028_HARV6-C-4","HARV6","Pinus strobus",TRUE,TRUE
"HARV_tower","23-028_HARV6-C-5","HARV6","Pinus strobus",TRUE,FALSE
"HARV_tower","23-028_HARV6-D-1","HARV6","Tsuga canadensis",TRUE,TRUE
"HARV_tower","23-028_HARV6-D-2","HARV6","Tsuga canadensis",TRUE,TRUE
"HARV_tower","23-028_HARV6-D-3","HARV6","Tsuga canadensis",TRUE,FALSE
"HARV_tower","23-028_HARV6-D-4","HARV6","Tsuga canadensis",TRUE,TRUE
"HARV_tower","23-028_HARV6-D-5","HARV6","Tsuga canadensis",TRUE,TRUE
"HARV_tower","23-028_HARV6-E-1","HARV6","Betula alleghaniensis",TRUE,TRUE
"HARV_tower","23-028_HARV6-E-2","HARV6","Betula alleghaniensis",TRUE,TRUE
"HARV_tower","23-028_HARV6-E-3","HARV6","Betula alleghaniensis",TRUE,TRUE
"HARV_tower","23-028_HARV6-E-5","HARV6","Betula alleghaniensis",TRUE,TRUE
"TALL_tower","23-029_TALL1-A-1","TALL1","Pinus palustris",TRUE,TRUE
"TALL_tower","23-029_TALL1-A-3","TALL1","Pinus palustris",TRUE,TRUE
"TALL_tower","23-029_TALL1-A-5","TALL1","Pinus palustris",TRUE,TRUE
"TALL_tower","23-029_TALL1-C-4","TALL1","Vaccinium arboreum",TRUE,TRUE
"TALL_tower","23-029_TALL1-D-2","TALL1","Quercus falcata",TRUE,TRUE
"TALL_tower","23-029_TALL1-D-3","TALL1","Quercus falcata",TRUE,TRUE
"CPER_tower","23-046_CPER7-C-1","CPER7","Eriogonum effusum",TRUE,TRUE
"CPER_tower","23-046_CPER7-C-2","CPER7","Eriogonum effusum",TRUE,TRUE
"CPER_tower","23-046_CPER7-C-3","CPER7","Eriogonum effusum",TRUE,TRUE
"CPER_tower","23-046_CPER7-C-4","CPER7","Eriogonum effusum",TRUE,TRUE
"CPER_tower","23-046_CPER7-C-5","CPER7","Eriogonum effusum",TRUE,TRUE
"CPER_tower","23-046_CPER7-D-2","CPER7","Artemisia frigida",TRUE,TRUE
"CPER_tower","23-046_CPER7-D-3","CPER7","Artemisia frigida",TRUE,TRUE
"CPER_tower","23-046_CPER7-D-5","CPER7","Artemisia frigida",TRUE,TRUE
"YELL_tower","23-062_YELL4-A-1","YELL4","Pseudotsuga menziesii",TRUE,TRUE
"YELL_tower","23-062_YELL4-A-2","YELL4","Pseudotsuga menziesii",TRUE,TRUE
"YELL_tower","23-062_YELL4-A-3","YELL4","Pseudotsuga menziesii",TRUE,FALSE
"YELL_tower","23-062_YELL4-A-4","YELL4","Pseudotsuga menziesii",TRUE,TRUE
"YELL_tower","23-062_YELL4-A-5","YELL4","Pseudotsuga menziesii",TRUE,TRUE
"YELL_tower","23-062_YELL4-B-1","YELL4","Pinus contorta",TRUE,TRUE
"YELL_tower","23-062_YELL4-B-2","YELL4","Pinus contorta",TRUE,TRUE
"YELL_tower","23-062_YELL4-B-3","YELL4","Pinus contorta",TRUE,TRUE
"YELL_tower","23-062_YELL4-B-4","YELL4","Pinus contorta",TRUE,TRUE
"YELL_tower","23-062_YELL4-B-5","YELL4","Pinus contorta",TRUE,TRUE
"YELL_tower","23-062_YELL4-C-1","YELL4","Artemisia tridentata",TRUE,TRUE
"YELL_tower","23-062_YELL4-C-2","YELL4","Artemisia tridentata",TRUE,TRUE
"YELL_tower","23-062_YELL4-C-3","YELL4","Artemisia tridentata",TRUE,TRUE
"YELL_tower","23-062_YELL4-C-4","YELL4","Artemisia tridentata",TRUE,TRUE
"YELL_tower","23-062_YELL4-C-5","YELL4","Artemisia tridentata",TRUE,TRUE
"YELL_tower","23-062_YELL4-D-1","YELL4","Festuca spp.",FALSE,FALSE
"YELL_tower","23-062_YELL4-D-2","YELL4","Festuca spp.",TRUE,FALSE
"YELL_tower","23-062_YELL4-D-3","YELL4","Festuca spp.",FALSE,FALSE
"YELL_tower","23-062_YELL4-D-4","YELL4","Festuca spp.",TRUE,FALSE
"YELL_tower","23-062_YELL4-D-5","YELL4","Festuca spp.",TRUE,FALSE
"YELL_tower","23-062_YELL4-E-1","YELL4","Poaceae sp.",TRUE,FALSE
"YELL_tower","23-062_YELL4-E-2","YELL4","Poaceae sp.",TRUE,FALSE
"YELL_tower","23-062_YELL4-E-3","YELL4","Poaceae sp.",TRUE,FALSE
"YELL_tower","23-062_YELL4-E-4","YELL4","Poaceae sp.",FALSE,FALSE
"YELL_tower","23-062_YELL4-E-5","YELL4","Poaceae sp.",FALSE,FALSE
"UNDE_tower","23-063_UNDE5-A-1","UNDE5","Acer saccharum",TRUE,TRUE
"UNDE_tower","23-063_UNDE5-A-3","UNDE5","Acer saccharum",TRUE,TRUE
"UNDE_tower","23-063_UNDE5-A-5","UNDE5","Acer saccharum",TRUE,TRUE
"UNDE_tower","23-063_UNDE5-B-1","UNDE5","Acer rubrum",TRUE,TRUE
"UNDE_tower","23-063_UNDE5-B-2","UNDE5","Acer rubrum",TRUE,TRUE
"UNDE_tower","23-063_UNDE5-C-1","UNDE5","Betula papyrifera",TRUE,TRUE
"UNDE_tower","23-063_UNDE5-C-4","UNDE5","Betula papyrifera",TRUE,TRUE
"UNDE_tower","23-063_UNDE5-D-1","UNDE5","Picea mariana",TRUE,TRUE
"UNDE_tower","23-063_UNDE5-D-2","UNDE5","Picea mariana",TRUE,TRUE
"UNDE_tower","23-063_UNDE5-D-3","UNDE5","Picea mariana",TRUE,TRUE
"UNDE_tower","23-063_UNDE5-D-4","UNDE5","Picea mariana",TRUE,TRUE
"UNDE_tower","23-063_UNDE5-D-5","UNDE5","Picea mariana",TRUE,TRUE
"UNDE_tower","23-063_UNDE5-E-1","UNDE5","Abies balsamea",TRUE,TRUE
"UNDE_tower","23-063_UNDE5-E-2","UNDE5","Abies balsamea",TRUE,TRUE
"UNDE_tower","23-063_UNDE5-E-3","UNDE5","Abies balsamea",TRUE,TRUE
"UNDE_tower","23-063_UNDE5-E-4","UNDE5","Abies balsamea",TRUE,TRUE
"UNDE_tower","23-063_UNDE5-E-5","UNDE5","Abies balsamea",TRUE,TRUE
"WOOD_tower","23-074_WOOD4-A-2","WOOD4","Poa pratensis",TRUE,FALSE
"WOOD_tower","23-074_WOOD4-A-4","WOOD4","Poa pratensis",TRUE,TRUE
"WOOD_tower","23-074_WOOD4-B-4","WOOD4","Medicago sativa",TRUE,TRUE
"WOOD_tower","23-074_WOOD4-C-1","WOOD4","Bromus inermis",TRUE,TRUE
"WOOD_tower","23-074_WOOD4-C-2","WOOD4","Bromus inermis",TRUE,FALSE
"WOOD_tower","23-074_WOOD4-C-3","WOOD4","Bromus inermis",TRUE,TRUE
"WOOD_tower","23-074_WOOD4-C-4","WOOD4","Bromus inermis",TRUE,TRUE
"WOOD_tower","23-074_WOOD4-C-5","WOOD4","Bromus inermis",TRUE,TRUE
"WOOD_tower","23-074_WOOD4-D-2","WOOD4","Artemisia absinthium",TRUE,TRUE
"WOOD_tower","23-074_WOOD4-D-3","WOOD4","Artemisia absinthium",TRUE,TRUE
"WOOD_tower","23-074_WOOD4-E-2","WOOD4","Schizachyrium scoparium",TRUE,TRUE
"WOOD_tower","23-074_WOOD4-E-3","WOOD4","Schizachyrium scoparium",TRUE,TRUE
"WOOD_tower","23-074_WOOD4-E-5","WOOD4","Schizachyrium scoparium",TRUE,FALSE
"CLBJ_tower","23-079_CLBJ4-A-2","CLBJ4","Sorghastrum nutans",TRUE,TRUE
"CLBJ_tower","23-079_CLBJ4-A-3","CLBJ4","Sorghastrum nutans",TRUE,TRUE
"CLBJ_tower","23-079_CLBJ4-A-4","CLBJ4","Sorghastrum nutans",TRUE,TRUE
"CLBJ_tower","23-079_CLBJ4-A-5","CLBJ4","Sorghastrum nutans",TRUE,TRUE
"CLBJ_tower","23-079_CLBJ4-B-1","CLBJ4","Bouteloua curtipendula",TRUE,TRUE
"CLBJ_tower","23-079_CLBJ4-B-3","CLBJ4","Bouteloua curtipendula",TRUE,TRUE
"CLBJ_tower","23-079_CLBJ4-B-4","CLBJ4","Bouteloua curtipendula",TRUE,TRUE
"CLBJ_tower","23-079_CLBJ4-B-5","CLBJ4","Bouteloua curtipendula",TRUE,TRUE
"CLBJ_tower","23-079_CLBJ4-C-1","CLBJ4","Smilax bona-nox",TRUE,TRUE
"CLBJ_tower","23-079_CLBJ4-C-2","CLBJ4","Smilax bona-nox",TRUE,TRUE
"CLBJ_tower","23-079_CLBJ4-C-3","CLBJ4","Smilax bona-nox",TRUE,TRUE
"CLBJ_tower","23-079_CLBJ4-C-4","CLBJ4","Smilax bona-nox",TRUE,TRUE
"CLBJ_tower","23-079_CLBJ4-C-5","CLBJ4","Smilax bona-nox",TRUE,TRUE
"CLBJ_tower","23-079_CLBJ4-D-1","CLBJ4","Schizachyrium scoparium",TRUE,TRUE
"CLBJ_tower","23-079_CLBJ4-D-2","CLBJ4","Schizachyrium scoparium",TRUE,TRUE
"CLBJ_tower","23-079_CLBJ4-D-3","CLBJ4","Schizachyrium scoparium",TRUE,TRUE
"CLBJ_tower","23-079_CLBJ4-D-4","CLBJ4","Schizachyrium scoparium",TRUE,TRUE
"CLBJ_tower","23-079_CLBJ4-E-1","CLBJ4","Quercus stellata",TRUE,TRUE
"CLBJ_tower","23-079_CLBJ4-E-2","CLBJ4","Quercus stellata",TRUE,TRUE
"CLBJ_tower","23-079_CLBJ4-E-3","CLBJ4","Quercus stellata",TRUE,TRUE
"CLBJ_tower","23-079_CLBJ4-E-4","CLBJ4","Quercus stellata",TRUE,TRUE
"CLBJ_tower","23-079_CLBJ4-E-5","CLBJ4","Quercus stellata",TRUE,TRUE
"CLBJ_tower","23-079_CLBJ5-A-1","CLBJ5","Sorghastrum nutans",TRUE,TRUE
"CLBJ_tower","23-079_CLBJ5-A-2","CLBJ5","Sorghastrum nutans",TRUE,FALSE
"CLBJ_tower","23-079_CLBJ5-A-3","CLBJ5","Sorghastrum nutans",TRUE,FALSE
"CLBJ_tower","23-079_CLBJ5-A-4","CLBJ5","Sorghastrum nutans",TRUE,TRUE
"CLBJ_tower","23-079_CLBJ5-B-1","CLBJ5","Bouteloua curtipendula",FALSE,FALSE
"CLBJ_tower","23-079_CLBJ5-B-2","CLBJ5","Bouteloua curtipendula",TRUE,TRUE
"CLBJ_tower","23-079_CLBJ5-B-4","CLBJ5","Bouteloua curtipendula",TRUE,TRUE
"CLBJ_tower","23-079_CLBJ5-B-5","CLBJ5","Bouteloua curtipendula",TRUE,FALSE
"CLBJ_tower","23-079_CLBJ5-C-1","CLBJ5","Smilax bona-nox",TRUE,TRUE
"CLBJ_tower","23-079_CLBJ5-C-2","CLBJ5","Smilax bona-nox",TRUE,TRUE
"CLBJ_tower","23-079_CLBJ5-C-3","CLBJ5","Smilax bona-nox",TRUE,TRUE
"CLBJ_tower","23-079_CLBJ5-C-4","CLBJ5","Smilax bona-nox",TRUE,TRUE
"CLBJ_tower","23-079_CLBJ5-C-5","CLBJ5","Smilax bona-nox",TRUE,TRUE
"CLBJ_tower","23-079_CLBJ5-D-1","CLBJ5","Schizachyrium scoparium",TRUE,FALSE
"CLBJ_tower","23-079_CLBJ5-D-2","CLBJ5","Schizachyrium scoparium",TRUE,TRUE
"CLBJ_tower","23-079_CLBJ5-D-3","CLBJ5","Schizachyrium scoparium",TRUE,FALSE
"CLBJ_tower","23-079_CLBJ5-D-4","CLBJ5","Schizachyrium scoparium",FALSE,FALSE
"CLBJ_tower","23-079_CLBJ5-D-5","CLBJ5","Schizachyrium scoparium",TRUE,FALSE
"CLBJ_tower","23-079_CLBJ5-E-1","CLBJ5","Quercus stellata",TRUE,TRUE
"CLBJ_tower","23-079_CLBJ5-E-3","CLBJ5","Quercus stellata",TRUE,TRUE
"CLBJ_tower","23-079_CLBJ5-E-4","CLBJ5","Quercus stellata",TRUE,TRUE
"CLBJ_tower","23-079_CLBJ5-E-5","CLBJ5","Quercus stellata",TRUE,TRUE
"SJER_tower","23-080_SJER5-A-1","SJER5","Pinus sabiniana",TRUE,TRUE
"TALL_tower","23-081_TALL6-A-1","TALL6","Pinus palustris",FALSE,FALSE
"TALL_tower","23-081_TALL6-A-2","TALL6","Pinus palustris",TRUE,FALSE
"TALL_tower","23-081_TALL6-A-3","TALL6","Pinus palustris",FALSE,TRUE
"TALL_tower","23-081_TALL6-A-4","TALL6","Pinus palustris",TRUE,FALSE
"TALL_tower","23-081_TALL6-A-5","TALL6","Pinus palustris",FALSE,TRUE
"TALL_tower","23-081_TALL6-B-1","TALL6","Quercus falcata",FALSE,TRUE
"TALL_tower","23-081_TALL6-B-3","TALL6","Quercus falcata",TRUE,TRUE
"TALL_tower","23-081_TALL6-B-4","TALL6","Quercus falcata",TRUE,TRUE
"TALL_tower","23-081_TALL6-C-1","TALL6","Vaccinium arboreum",TRUE,TRUE
"TALL_tower","23-081_TALL6-C-3","TALL6","Vaccinium arboreum",TRUE,FALSE
"TALL_tower","23-081_TALL6-D-1","TALL6","Liquidambar styraciflua",TRUE,TRUE
"TALL_tower","23-081_TALL6-D-4","TALL6","Liquidambar styraciflua",TRUE,TRUE
"TALL_tower","23-081_TALL6-D-5","TALL6","Liquidambar styraciflua",TRUE,TRUE
"WOOD_tower","23-082_WOOD6-A-1","WOOD6","Poa pratensis",TRUE,TRUE
"WOOD_tower","23-082_WOOD6-A-2","WOOD6","Poa pratensis",TRUE,TRUE
"WOOD_tower","23-082_WOOD6-A-3","WOOD6","Poa pratensis",TRUE,TRUE
"WOOD_tower","23-082_WOOD6-A-4","WOOD6","Poa pratensis",TRUE,TRUE
"WOOD_tower","23-082_WOOD6-B-1","WOOD6","Medicago sativa",TRUE,TRUE
"WOOD_tower","23-082_WOOD6-B-2","WOOD6","Medicago sativa",TRUE,TRUE
"WOOD_tower","23-082_WOOD6-B-3","WOOD6","Medicago sativa",TRUE,TRUE
"WOOD_tower","23-082_WOOD6-B-4","WOOD6","Medicago sativa",TRUE,TRUE
"WOOD_tower","23-082_WOOD6-C-1","WOOD6","Bromus inermis",TRUE,TRUE
"WOOD_tower","23-082_WOOD6-C-3","WOOD6","Bromus inermis",TRUE,TRUE
"WOOD_tower","23-082_WOOD6-C-4","WOOD6","Bromus inermis",TRUE,TRUE
"WOOD_tower","23-082_WOOD6-C-5","WOOD6","Bromus inermis",TRUE,TRUE
"WOOD_tower","23-082_WOOD6-D-1","WOOD6","Artemisia absinthium",TRUE,TRUE
"WOOD_tower","23-082_WOOD6-D-3","WOOD6","Artemisia absinthium",TRUE,TRUE
"WOOD_tower","23-082_WOOD6-E-1","WOOD6","Schizachyrium scoparium",TRUE,TRUE
"WOOD_tower","23-082_WOOD6-E-2","WOOD6","Schizachyrium scoparium",TRUE,TRUE
"WOOD_tower","23-082_WOOD6-E-3","WOOD6","Schizachyrium scoparium",TRUE,TRUE
"WOOD_tower","23-082_WOOD6-E-4","WOOD6","Schizachyrium scoparium",TRUE,TRUE
"WOOD_tower","23-082_WOOD6-E-5","WOOD6","Schizachyrium scoparium",TRUE,TRUE
"CPER_tower","23-083_CPER4-A-1","CPER4","Bouteloua gracilis",TRUE,FALSE
"CPER_tower","23-083_CPER4-A-2","CPER4","Bouteloua gracilis",TRUE,FALSE
"CPER_tower","23-083_CPER4-A-3","CPER4","Bouteloua gracilis",TRUE,FALSE
"CPER_tower","23-083_CPER4-A-5","CPER4","Bouteloua gracilis",TRUE,TRUE
"CPER_tower","23-083_CPER4-B-1","CPER4","Hesperostipa comata",TRUE,FALSE
"CPER_tower","23-083_CPER4-B-3","CPER4","Hesperostipa comata",TRUE,TRUE
"CPER_tower","23-083_CPER4-B-5","CPER4","Hesperostipa comata",TRUE,TRUE
"CPER_tower","23-083_CPER4-C-1","CPER4","Eriogonum effusum",TRUE,TRUE
"CPER_tower","23-083_CPER4-C-2","CPER4","Eriogonum effusum",TRUE,TRUE
"CPER_tower","23-083_CPER4-C-3","CPER4","Eriogonum effusum",TRUE,TRUE
"CPER_tower","23-083_CPER4-C-4","CPER4","Eriogonum effusum",TRUE,TRUE
"CPER_tower","23-083_CPER4-C-5","CPER4","Eriogonum effusum",TRUE,TRUE
"CPER_tower","23-083_CPER4-D-1","CPER4","Artemisia frigida",FALSE,FALSE
"CPER_tower","23-083_CPER4-D-2","CPER4","Artemisia frigida",FALSE,FALSE
"CPER_tower","23-083_CPER4-D-5","CPER4","Artemisia frigida",TRUE,TRUE
"CPER_tower","23-083_CPER4-E-1","CPER4","Elymus elymoides",TRUE,TRUE
"CPER_tower","23-083_CPER4-E-2","CPER4","Elymus elymoides",TRUE,FALSE
"CPER_tower","23-083_CPER4-E-3","CPER4","Elymus elymoides",TRUE,TRUE
"CPER_tower","23-083_CPER4-E-5","CPER4","Elymus elymoides",TRUE,TRUE
"CLBJ_tower","23-084_CLBJ6-A-3","CLBJ6","Sorghastrum nutans",TRUE,TRUE
"CLBJ_tower","23-084_CLBJ6-B-1","CLBJ6","Bouteloua curtipendula",TRUE,TRUE
"CLBJ_tower","23-084_CLBJ6-B-2","CLBJ6","Bouteloua curtipendula",TRUE,TRUE
"CLBJ_tower","23-084_CLBJ6-C-1","CLBJ6","Smilax bona-nox",TRUE,TRUE
"CLBJ_tower","23-084_CLBJ6-C-2","CLBJ6","Smilax bona-nox",TRUE,TRUE
"CLBJ_tower","23-084_CLBJ6-C-3","CLBJ6","Smilax bona-nox",TRUE,TRUE
"CLBJ_tower","23-084_CLBJ6-C-4","CLBJ6","Smilax bona-nox",TRUE,TRUE
"CLBJ_tower","23-084_CLBJ6-C-5","CLBJ6","Smilax bona-nox",TRUE,TRUE
"CLBJ_tower","23-084_CLBJ6-D-1","CLBJ6","Schizachyrium scoparium",TRUE,TRUE
"CLBJ_tower","23-084_CLBJ6-D-3","CLBJ6","Schizachyrium scoparium",TRUE,FALSE
"CLBJ_tower","23-084_CLBJ6-D-4","CLBJ6","Schizachyrium scoparium",TRUE,TRUE
"CLBJ_tower","23-084_CLBJ6-D-5","CLBJ6","Schizachyrium scoparium",TRUE,TRUE
"CLBJ_tower","23-084_CLBJ6-E-3","CLBJ6","Quercus stellata",TRUE,TRUE
